product,quantity,price
Regal Interior Flat,22,12.77
Regal Interior Matte,85,38.87
Regal Interior Eggshell,3,28.01
Regal Interior Pearl,43,46.2
Regal Interior Semi-Gloss,88,41.9
Regal Exterior Flat,52,28.93
Regal Exterior Low Lustre,8,39.75
Regal Exterior Soft-Gloss,15,29.01
Nylon Polyester Angle 1/4 inch,90,45.0
Nylon Polyester Angle 1/2 inch,22,17.9
Nylon Polyester Angle 3/4 inch,28,11.59
Nylon-Polyester Flat 1 inch,59,44.84
Sheepskin Roller Cover 1/4 inch,82,38.82
Sheepskin Roller Cover 1/2 inch,52,25.7
Sheepskin Roller Cover 3/4 inch,91,29.76
Sheepskin Roller Cover 1/2 inch,23,46.53
Sheepskin Roller Cover 1 inch,72,38.24
Sheepskin Roller Cover 1 1/4 inch,87,5.16
